{
    "now": "2022-09-22T16:08:01.146Z",
    "perfNow": 899822.9,
    "diagnosticCorrelation": "97e45297-9c17-4b03-85f5-609e4dd4da06",
    "source": "DownloadSupportFiles",
    "environment": {
        "productName": "adf",
        "buildVersion": "1.0.091822.8",
        "environmentType": 3,
        "resourceName": "df-estudos-II",
        "resourceRegion": "eastus",
        "resourceGroup": "Estudos-Azure",
        "subscriptionId": "f9090f81-02bc-45d2-89d2-9bfe48adf4a3",
        "sessionId": "4860E",
        "operationId": "49WtR",
        "gitType": "live"
    },
    "additionalInfo": {
        "selectedResource": "Api_ingestao_Marcell_Oliveira_Lab02_PoccoBank II",
        "selectedResourceType": "pipeline"
    }
}