{"$schema":"http://schema.management.azure.com/schemas/2015-01-01/deploymentTemplate.json#","contentVersion":"1.0.0.0","parameters":{"factoryName":{"type":"string","metadata":"Nome do Data Factory"},"linkedService_Marcell_Oliveira":{"type":"string"},"Api_do_Banco_Marcell_oliveira":{"type":"string"},"AzureBlobStorage_marcellFelipe_oliveira":{"type":"string"}},"variables":{"factoryId":"[concat('Microsoft.DataFactory/factories/', parameters('factoryName'))]"},"resources":[{"name":"[concat(parameters('factoryName'), '/Api_ingestao_Marcell_Oliveira')]","type":"Microsoft.DataFactory/factories/pipelines","apiVersion":"2018-06-01","properties":{"activities":[{"name":"Api do Banco Marcell_Oliveira","description":"Faz o papel de popular a tabela Stage com todos os dados obtidos da Api do Banco Central.","type":"Copy","dependsOn":[],"policy":{"timeout":"7.00:00:00","retry":0,"retryIntervalInSeconds":30,"secureOutput":false,"secureInput":false},"userProperties":[],"typeProperties":{"source":{"type":"DelimitedTextSource","storeSettings":{"type":"HttpReadSettings","requestMethod":"GET"},"formatSettings":{"type":"DelimitedTextReadSettings"}},"sink":{"type":"AzureSqlSink","writeBehavior":"insert","sqlWriterUseTableLock":false},"enableStaging":false,"translator":{"type":"TabularTranslator","mappings":[{"source":{"name":"cotacaoCompra","type":"String","physicalType":"varchar"},"sink":{"name":"cotacaoCompra","type":"String","physicalType":"varchar"}},{"source":{"name":"cotacaoVenda","type":"String","physicalType":"varchar"},"sink":{"name":"cotacaoVenda","type":"String","physicalType":"varchar"}},{"source":{"name":"dataHoraCotacao","type":"String","physicalType":"varchar"},"sink":{"name":"dataHoraCotacao","type":"String","physicalType":"varchar"}}],"typeConversion":true,"typeConversionSettings":{"allowDataTruncation":true,"treatBooleanAsNumber":false}}},"inputs":[{"referenceName":"DelimitedTex_Marcell_Oliveira","type":"DatasetReference","parameters":{}}],"outputs":[{"referenceName":"AzureSqlTable_Marcell_Felipe_OLiveira","type":"DatasetReference","parameters":{}}]},{"name":"Conversor_de dados_Marcell_Oliveira","description":"Limpa a Tabela final antes de transferir os dados coletados via Api e alterar os mesmos para \"Float\" e \"Datetime\".","type":"SqlServerStoredProcedure","dependsOn":[{"activity":"Api do Banco Marcell_Oliveira","dependencyConditions":["Succeeded"]}],"policy":{"timeout":"7.00:00:00","retry":0,"retryIntervalInSeconds":30,"secureOutput":false,"secureInput":false},"userProperties":[],"typeProperties":{"storedProcedureName":"[[dolar_marcellfelipe].[procedure_converte_dolar_marcell_oliveira]"},"linkedServiceName":{"referenceName":"[parameters('linkedService_Marcell_Oliveira')]","type":"LinkedServiceReference"}},{"name":"Tabela_Final_do_Blob_ Marcell_Oliveira","description":"Transfere os dados obtidos da tabela final para um arquivo no parquet.","type":"Copy","dependsOn":[{"activity":"Conversor_de dados_Marcell_Oliveira","dependencyConditions":["Succeeded"]}],"policy":{"timeout":"7.00:00:00","retry":0,"retryIntervalInSeconds":30,"secureOutput":false,"secureInput":false},"userProperties":[],"typeProperties":{"source":{"type":"AzureSqlSource","queryTimeout":"02:00:00","partitionOption":"None"},"sink":{"type":"ParquetSink","storeSettings":{"type":"AzureBlobStorageWriteSettings"},"formatSettings":{"type":"ParquetWriteSettings"}},"enableStaging":false,"translator":{"type":"TabularTranslator","typeConversion":true,"typeConversionSettings":{"allowDataTruncation":true,"treatBooleanAsNumber":false}}},"inputs":[{"referenceName":"AzureSqlTable_marcellFelipe_POliveira","type":"DatasetReference","parameters":{}}],"outputs":[{"referenceName":"Parquet_Marcell_felipe","type":"DatasetReference","parameters":{}}]}],"policy":{"elapsedTimeMetric":{},"cancelAfter":{}},"folder":{"name":"Marcell Felipe de Paula Oliveira"},"annotations":[],"lastPublishTime":"2022-08-23T18:10:17Z"},"dependsOn":["[concat(variables('factoryId'), '/datasets/DelimitedTex_Marcell_Oliveira')]","[concat(variables('factoryId'), '/datasets/AzureSqlTable_Marcell_Felipe_OLiveira')]","[concat(variables('factoryId'), '/datasets/AzureSqlTable_marcellFelipe_POliveira')]","[concat(variables('factoryId'), '/datasets/Parquet_Marcell_felipe')]"]},{"name":"[concat(parameters('factoryName'), '/DelimitedTex_Marcell_Oliveira')]","type":"Microsoft.DataFactory/factories/datasets","apiVersion":"2018-06-01","properties":{"linkedServiceName":{"referenceName":"[parameters('Api_do_Banco_Marcell_oliveira')]","type":"LinkedServiceReference"},"annotations":[],"type":"DelimitedText","typeProperties":{"location":{"type":"HttpServerLocation","relativeUrl":"CotacaoDolarPeriodo(dataInicial=@dataInicial,dataFinalCotacao=@dataFinalCotacao)?@dataInicial='01-01-2019'&@dataFinalCotacao='12-31-2025'&$top=9000&$format=text/csv&$select=cotacaoCompra,cotacaoVenda,dataHoraCotacao"},"columnDelimiter":",","escapeChar":"\\","firstRowAsHeader":true,"quoteChar":"\""},"schema":[]},"dependsOn":[]},{"name":"[concat(parameters('factoryName'), '/AzureSqlTable_Marcell_Felipe_OLiveira')]","type":"Microsoft.DataFactory/factories/datasets","apiVersion":"2018-06-01","properties":{"linkedServiceName":{"referenceName":"[parameters('linkedService_Marcell_Oliveira')]","type":"LinkedServiceReference"},"annotations":[],"type":"AzureSqlTable","schema":[{"name":"cotacaoCompra","type":"varchar"},{"name":"cotacaoVenda","type":"varchar"},{"name":"dataHoraCotacao","type":"varchar"}],"typeProperties":{"schema":"dolar_marcellfelipe","table":"dolar_Stage_marcell_oliveira"}},"dependsOn":[]},{"name":"[concat(parameters('factoryName'), '/AzureSqlTable_marcellFelipe_POliveira')]","type":"Microsoft.DataFactory/factories/datasets","apiVersion":"2018-06-01","properties":{"linkedServiceName":{"referenceName":"[parameters('linkedService_Marcell_Oliveira')]","type":"LinkedServiceReference"},"annotations":[],"type":"AzureSqlTable","schema":[{"name":"cotacaoCompra","type":"varchar"},{"name":"cotacaoVenda","type":"varchar"},{"name":"dataHoraCotacao","type":"varchar"}],"typeProperties":{"schema":"dolar_marcellfelipe","table":"dolar_Final_marcell_oliveira"}},"dependsOn":[]},{"name":"[concat(parameters('factoryName'), '/Parquet_Marcell_felipe')]","type":"Microsoft.DataFactory/factories/datasets","apiVersion":"2018-06-01","properties":{"linkedServiceName":{"referenceName":"[parameters('AzureBlobStorage_marcellFelipe_oliveira')]","type":"LinkedServiceReference"},"annotations":[],"type":"Parquet","typeProperties":{"location":{"type":"AzureBlobStorageLocation","folderPath":"Api_ingest_marcell_oliveira","container":"marcellfelipeoliveira"},"compressionCodec":"none"},"schema":[]},"dependsOn":[]}]}