{
    "name": "Api_ingestao_Marcell_Oliveira_Lab02_PoccoBank II",
    "properties": {
        "activities": [
            {
                "name": "Conversor_de dados_Marcell_Oliveira",
                "description": "Limpa a Tabela final antes de transferir os dados coletados via Api e alterar os mesmos para \"Float\" e \"Datetime\".",
                "type": "SqlServerStoredProcedure",
                "dependsOn": [
                    {
                        "activity": "Api_Banco_Marcell_Oliveira",
                        "dependencyConditions": [
                            "Succeeded"
                        ]
                    }
                ],
                "policy": {
                    "timeout": "7.00:00:00",
                    "retry": 0,
                    "retryIntervalInSeconds": 30,
                    "secureOutput": false,
                    "secureInput": false
                },
                "userProperties": [],
                "typeProperties": {
                    "storedProcedureName": "[dolar_marcellfelipe].[procedure_converte_dolar_marcell_oliveira]"
                },
                "linkedServiceName": {
                    "referenceName": "AzureSqlTable_marcellFelipe_POliveira",
                    "type": "LinkedServiceReference"
                }
            },
            {
                "name": "Tabela_Final_do_Blob_ Marcell_Oliveira",
                "description": "Transfere os dados obtidos da tabela final para um arquivo no parquet.",
                "type": "Copy",
                "dependsOn": [
                    {
                        "activity": "Conversor_de dados_Marcell_Oliveira",
                        "dependencyConditions": [
                            "Succeeded"
                        ]
                    }
                ],
                "policy": {
                    "timeout": "7.00:00:00",
                    "retry": 0,
                    "retryIntervalInSeconds": 30,
                    "secureOutput": false,
                    "secureInput": false
                },
                "userProperties": [],
                "typeProperties": {
                    "source": {
                        "type": "AzureSqlSource",
                        "queryTimeout": "02:00:00",
                        "partitionOption": "None"
                    },
                    "sink": {
                        "type": "ParquetSink",
                        "storeSettings": {
                            "type": "AzureBlobStorageWriteSettings"
                        },
                        "formatSettings": {
                            "type": "ParquetWriteSettings"
                        }
                    },
                    "enableStaging": false,
                    "translator": {
                        "type": "TabularTranslator",
                        "typeConversion": true,
                        "typeConversionSettings": {
                            "allowDataTruncation": true,
                            "treatBooleanAsNumber": false
                        }
                    }
                },
                "inputs": [
                    {
                        "referenceName": "AzureSqlTable_marcellFelipe_POliveira",
                        "type": "DatasetReference"
                    }
                ],
                "outputs": [
                    {
                        "referenceName": "Parquet_Marcell_felipe",
                        "type": "DatasetReference"
                    }
                ]
            },
            {
                "name": "Api_Banco_Marcell_Oliveira",
                "type": "DatabricksNotebook",
                "dependsOn": [],
                "policy": {
                    "timeout": "7.00:00:00",
                    "retry": 0,
                    "retryIntervalInSeconds": 30,
                    "secureOutput": false,
                    "secureInput": false
                },
                "userProperties": [],
                "typeProperties": {
                    "notebookPath": "/Users/marcell.oliveira@blueshift.com.br/Lab02-Pocco_Bank II_Marcell_Oliveira"
                },
                "linkedServiceName": {
                    "referenceName": "AzureDatabricks_Marcell_Oliveira",
                    "type": "LinkedServiceReference"
                }
            }
        ],
        "folder": {
            "name": "Marcell Felipe de Paula Oliveira"
        },
        "annotations": [],
        "lastPublishTime": "2022-08-25T20:38:07Z"
    },
    "type": "Microsoft.DataFactory/factories/pipelines"
}