{
    "now": "2022-09-22T16:07:57.792Z",
    "perfNow": 896469.1,
    "diagnosticCorrelation": "32363a1e-4c93-4f3a-94a7-1d2f5dd3f89c",
    "source": "DownloadSupportFiles",
    "environment": {
        "productName": "adf",
        "buildVersion": "1.0.091822.8",
        "environmentType": 3,
        "resourceName": "df-estudos-II",
        "resourceRegion": "eastus",
        "resourceGroup": "Estudos-Azure",
        "subscriptionId": "f9090f81-02bc-45d2-89d2-9bfe48adf4a3",
        "sessionId": "4860E",
        "operationId": "49WtR",
        "gitType": "live"
    },
    "additionalInfo": {
        "selectedResource": "Api_ingestao_Marcell_Oliveira_Lab01_Azure_Pocco_Bank",
        "selectedResourceType": "pipeline"
    }
}