{
    "name": "AzureSqlTable_marcellFelipe_POliveira",
    "properties": {
        "linkedServiceName": {
            "referenceName": "AzureSqlTable_marcellFelipe_POliveira",
            "type": "LinkedServiceReference"
        },
        "annotations": [],
        "type": "AzureSqlTable",
        "schema": [
            {
                "name": "cotacaoCompra",
                "type": "varchar"
            },
            {
                "name": "cotacaoVenda",
                "type": "varchar"
            },
            {
                "name": "dataHoraCotacao",
                "type": "varchar"
            }
        ],
        "typeProperties": {
            "schema": "dolar_marcellfelipe",
            "table": "dolar_Final_marcell_oliveira"
        }
    },
    "type": "Microsoft.DataFactory/factories/datasets"
}