{
    "name": "DelimitedTex_Marcell_Oliveira",
    "properties": {
        "linkedServiceName": {
            "referenceName": "linkedService_Marcell_Oliveira",
            "type": "LinkedServiceReference"
        },
        "annotations": [],
        "type": "DelimitedText",
        "typeProperties": {
            "location": {
                "type": "HttpServerLocation",
                "relativeUrl": "CotacaoDolarPeriodo(dataInicial=@dataInicial,dataFinalCotacao=@dataFinalCotacao)?@dataInicial='01-01-2019'&@dataFinalCotacao='12-31-2025'&$top=9000&$format=text/csv&$select=cotacaoCompra,cotacaoVenda,dataHoraCotacao"
            },
            "columnDelimiter": ",",
            "escapeChar": "\\",
            "firstRowAsHeader": true,
            "quoteChar": "\""
        },
        "schema": []
    },
    "type": "Microsoft.DataFactory/factories/datasets"
}