{
    "name": "Parquet_Marcell_felipe",
    "properties": {
        "linkedServiceName": {
            "referenceName": "AzureBlobStorage_marcellFelipe_oliveira",
            "type": "LinkedServiceReference"
        },
        "annotations": [],
        "type": "Parquet",
        "typeProperties": {
            "location": {
                "type": "AzureBlobStorageLocation",
                "folderPath": "Api_ingest_marcell_oliveira",
                "container": "marcellfelipeoliveira"
            },
            "compressionCodec": "none"
        },
        "schema": []
    },
    "type": "Microsoft.DataFactory/factories/datasets"
}