{
    "name": "Api_ingestao_Marcell_Oliveira_Lab01_Azure_Pocco_Bank",
    "properties": {
        "activities": [
            {
                "name": "Api do Banco Marcell_Oliveira",
                "description": "Faz o papel de popular a tabela Stage com todos os dados obtidos da Api do Banco Central.",
                "type": "Copy",
                "dependsOn": [],
                "policy": {
                    "timeout": "7.00:00:00",
                    "retry": 0,
                    "retryIntervalInSeconds": 30,
                    "secureOutput": false,
                    "secureInput": false
                },
                "userProperties": [],
                "typeProperties": {
                    "source": {
                        "type": "DelimitedTextSource",
                        "storeSettings": {
                            "type": "HttpReadSettings",
                            "requestMethod": "GET"
                        },
                        "formatSettings": {
                            "type": "DelimitedTextReadSettings"
                        }
                    },
                    "sink": {
                        "type": "AzureSqlSink",
                        "writeBehavior": "insert",
                        "sqlWriterUseTableLock": false
                    },
                    "enableStaging": false,
                    "translator": {
                        "type": "TabularTranslator",
                        "mappings": [
                            {
                                "source": {
                                    "name": "cotacaoCompra",
                                    "type": "String",
                                    "physicalType": "varchar"
                                },
                                "sink": {
                                    "name": "cotacaoCompra",
                                    "type": "String",
                                    "physicalType": "varchar"
                                }
                            },
                            {
                                "source": {
                                    "name": "cotacaoVenda",
                                    "type": "String",
                                    "physicalType": "varchar"
                                },
                                "sink": {
                                    "name": "cotacaoVenda",
                                    "type": "String",
                                    "physicalType": "varchar"
                                }
                            },
                            {
                                "source": {
                                    "name": "dataHoraCotacao",
                                    "type": "String",
                                    "physicalType": "varchar"
                                },
                                "sink": {
                                    "name": "dataHoraCotacao",
                                    "type": "String",
                                    "physicalType": "varchar"
                                }
                            }
                        ],
                        "typeConversion": true,
                        "typeConversionSettings": {
                            "allowDataTruncation": true,
                            "treatBooleanAsNumber": false
                        }
                    }
                },
                "inputs": [
                    {
                        "referenceName": "DelimitedTex_Marcell_Oliveira",
                        "type": "DatasetReference"
                    }
                ],
                "outputs": [
                    {
                        "referenceName": "AzureSqlTable_Marcell_Felipe_OLiveira",
                        "type": "DatasetReference"
                    }
                ]
            },
            {
                "name": "Conversor_de dados_Marcell_Oliveira",
                "description": "Limpa a Tabela final antes de transferir os dados coletados via Api e alterar os mesmos para \"Float\" e \"Datetime\".",
                "type": "SqlServerStoredProcedure",
                "dependsOn": [
                    {
                        "activity": "Api do Banco Marcell_Oliveira",
                        "dependencyConditions": [
                            "Succeeded"
                        ]
                    }
                ],
                "policy": {
                    "timeout": "7.00:00:00",
                    "retry": 0,
                    "retryIntervalInSeconds": 30,
                    "secureOutput": false,
                    "secureInput": false
                },
                "userProperties": [],
                "typeProperties": {
                    "storedProcedureName": "[dolar_marcellfelipe].[procedure_converte_dolar_marcell_oliveira]"
                },
                "linkedServiceName": {
                    "referenceName": "AzureSqlTable_marcellFelipe_POliveira",
                    "type": "LinkedServiceReference"
                }
            },
            {
                "name": "Tabela_Final_do_Blob_ Marcell_Oliveira",
                "description": "Transfere os dados obtidos da tabela final para um arquivo no parquet.",
                "type": "Copy",
                "dependsOn": [
                    {
                        "activity": "Conversor_de dados_Marcell_Oliveira",
                        "dependencyConditions": [
                            "Succeeded"
                        ]
                    }
                ],
                "policy": {
                    "timeout": "7.00:00:00",
                    "retry": 0,
                    "retryIntervalInSeconds": 30,
                    "secureOutput": false,
                    "secureInput": false
                },
                "userProperties": [],
                "typeProperties": {
                    "source": {
                        "type": "AzureSqlSource",
                        "queryTimeout": "02:00:00",
                        "partitionOption": "None"
                    },
                    "sink": {
                        "type": "ParquetSink",
                        "storeSettings": {
                            "type": "AzureBlobStorageWriteSettings"
                        },
                        "formatSettings": {
                            "type": "ParquetWriteSettings"
                        }
                    },
                    "enableStaging": false,
                    "translator": {
                        "type": "TabularTranslator",
                        "typeConversion": true,
                        "typeConversionSettings": {
                            "allowDataTruncation": true,
                            "treatBooleanAsNumber": false
                        }
                    }
                },
                "inputs": [
                    {
                        "referenceName": "AzureSqlTable_marcellFelipe_POliveira",
                        "type": "DatasetReference"
                    }
                ],
                "outputs": [
                    {
                        "referenceName": "Parquet_Marcell_felipe",
                        "type": "DatasetReference"
                    }
                ]
            }
        ],
        "folder": {
            "name": "Marcell Felipe de Paula Oliveira"
        },
        "annotations": [],
        "lastPublishTime": "2022-08-24T19:20:05Z"
    },
    "type": "Microsoft.DataFactory/factories/pipelines"
}